{
  "best_global_step": 20,
  "best_metric": 0.19988403,
  "best_model_checkpoint": "/workspace/syn/output/llama31_8b_scam_real_sft_v4/v0-20260117-075831/checkpoint-20",
  "epoch": 0.3764705882352941,
  "eval_steps": 20,
  "global_step": 20,
  "is_hyper_param_search": false,
  "is_local_process_zero": true,
  "is_world_process_zero": true,
  "log_history": [
    {
      "epoch": 0.018823529411764704,
      "grad_norm": 8.945296287536621,
      "learning_rate": 1.6666666666666667e-05,
      "loss": 0.8389036059379578,
      "seq_acc": 0.375,
      "step": 1
    },
    {
      "epoch": 0.18823529411764706,
      "grad_norm": 2.9509191513061523,
      "learning_rate": 9.96210254835968e-05,
      "loss": 0.6134601169162326,
      "seq_acc": 0.5902777777777778,
      "step": 10
    },
    {
      "epoch": 0.3764705882352941,
      "grad_norm": 0.48177459836006165,
      "learning_rate": 9.542326359097619e-05,
      "loss": 0.19549729824066162,
      "seq_acc": 0.85625,
      "step": 20
    },
    {
      "epoch": 0.3764705882352941,
      "eval_loss": 0.19988402724266052,
      "eval_runtime": 10.8814,
      "eval_samples_per_second": 11.028,
      "eval_seq_acc": 0.8166666666666667,
      "eval_steps_per_second": 11.028,
      "step": 20
    }
  ],
  "logging_steps": 10,
  "max_steps": 108,
  "num_input_tokens_seen": 0,
  "num_train_epochs": 2,
  "save_steps": 20,
  "stateful_callbacks": {
    "TrainerControl": {
      "args": {
        "should_epoch_stop": false,
        "should_evaluate": false,
        "should_log": false,
        "should_save": true,
        "should_training_stop": false
      },
      "attributes": {}
    }
  },
  "total_flos": 1.9067437991952384e+16,
  "train_batch_size": 2,
  "trial_name": null,
  "trial_params": null
}
